CREATE TABLE KHACHTHUE 
(
  MAKT CHAR(6 BYTE) 
, HOTEN VARCHAR2(60 BYTE) 
, GIOITINH VARCHAR2(10 BYTE) 
, NGAYSINH DATE 
, SDT VARCHAR2(20 BYTE) 
, CCCD VARCHAR2(20 BYTE) 
, EMAIL VARCHAR2(60 BYTE) 
, NGAYBATDAU DATE 
, NGAYKETTHUC DATE 
) 
CREATE TABLE KHACHNGANHAN 
(
  MAKT CHAR(6 BYTE) 
, HOTEN VARCHAR2(60 BYTE) 
, GIOITINH VARCHAR2(10 BYTE) 
, NGAYSINH DATE 
, SDT VARCHAR2(20 BYTE) 
, CCCD VARCHAR2(20 BYTE) 
, EMAIL VARCHAR2(60 BYTE) 
, MADD CHAR(6 BYTE) 
, TRANGTHAI VARCHAR2(20 BYTE) 
, NGAYBATDAU DATE 
, NGAYKETTHUC DATE 
) 
CREATE TABLE PHONG 
(
  MAP CHAR(4 BYTE) 
, TENPG VARCHAR2(10 BYTE) 
, LOAI VARCHAR2(20 BYTE) 
, SONGUOI NUMBER(*, 0) 
, DIENTICH NUMBER(*, 0) 
, TRANGTHAI VARCHAR2(20 BYTE)  
, GIA NUMBER(*, 0) 
) 
CREATE TABLE HOPDONG 
(
  MHD CHAR(6 BYTE) 
, NGAYBATDAU DATE 
, NGAYKETTHUC DATE 
, MADD CHAR(6 BYTE) 
, MAP CHAR(4 BYTE) 
, GIATHUE NUMBER(*, 0) 
, TIENCOC NUMBER 
, TINHTRANG VARCHAR2(20 BYTE) 
) 
CREATE TABLE CTHOPDONG 
(
  MHD CHAR(6 BYTE) 
, MAKT CHAR(6 BYTE) 
) 
CREATE TABLE HOADON 
(
  MAHD CHAR(6 BYTE) 
, MAP CHAR(4 BYTE) 
, THANG NUMBER(*, 0) 
, NAM NUMBER(*, 0) 
, TONGTIEN NUMBER(*, 0) 
, TRANGTHAI VARCHAR2(30 BYTE) 
, CONNO NUMBER(*, 0) 
) 
CREATE TABLE CTHD 
(
  MAHD CHAR(6 BYTE) 
, LOAIHD VARCHAR2(20 BYTE) 
, SL NUMBER(*, 0) 
, DONGIA NUMBER(*, 0) 
, THANHTIEN NUMBER(*, 0) 
) 
CREATE TABLE DICHVU 
(
  MADV CHAR(6 BYTE) 
, TENDICHVU VARCHAR2(40 BYTE) 
) 
CREATE TABLE PHIEUDICHVU 
(
  MPDV CHAR(6 BYTE) 
, MAP CHAR(4 BYTE) 
, SOLUONGDV NUMBER(*, 0) 
, NGAYDIEN DATE 
) 
CREATE TABLE CTPDV 
(
  MADV CHAR(6 BYTE) 
, MPDV CHAR(6 BYTE) 
, TINHTRANG VARCHAR2(20 BYTE) 
)
CREATE TABLE TAIKHOAN 
(
  MAKT CHAR(6 BYTE) 
, TENTAIKHOAN VARCHAR2(40 BYTE) 
, MATKHAU VARCHAR2(40 BYTE) 
, VAITRO VARCHAR2(20 BYTE) 
)  

-- D? li?u cho b?ng KHACHTHUE 
INSERT INTO KHACHTHUE (MAKT, HOTEN, GIOITINH, NGAYSINH, SDT, CCCD, EMAIL, NGAYBATDAU, NGAYKETTHUC) VALUES ('KT0001', 'Nguy?n Vãn A', 'Nam', TO_DATE('01-01-2004', 'DD-MM-YYYY'), '+84123456781', '123456789', 'nguyenvana@example.com', TO_DATE('01-01-2024', 'DD-MM-YYYY'), TO_DATE('31-12-2024','DD-MM-YYYY'));
INSERT INTO KHACHTHUE (MAKT, HOTEN, GIOITINH, NGAYSINH, SDT, CCCD, EMAIL, NGAYBATDAU, NGAYKETTHUC) VALUES ('KT0002', 'Tr?n Th? B', 'N?', TO_DATE('02-02-2003', 'DD-MM-YYYY'), '+84123456782', '234567890', 'tranthib@example.com', TO_DATE('02-01-2024', 'DD-MM-YYYY'), TO_DATE('31-12-2024', 'DD-MM-YYYY'));
INSERT INTO KHACHTHUE (MAKT, HOTEN, GIOITINH, NGAYSINH, SDT, CCCD, EMAIL, NGAYBATDAU, NGAYKETTHUC) VALUES ('KT0003', 'Ph?m Vãn C', 'Nam', TO_DATE('03-03-2003', 'DD-MM-YYYY'), '+84123456783', '345678901', 'phamvanc@example.com', TO_DATE('03-01-2024', 'DD-MM-YYYY'), TO_DATE('31-12-2024', 'DD-MM-YYYY'));
INSERT INTO KHACHTHUE (MAKT, HOTEN, GIOITINH, NGAYSINH, SDT, CCCD, EMAIL, NGAYBATDAU, NGAYKETTHUC) VALUES ('KT0004', 'Lê Th? D', 'N?', TO_DATE('04-04-2003', 'DD-MM-YYYY'), '+84123456784', '456789012', 'lethid@example.com', TO_DATE('04-01-2024', 'DD-MM-YYYY'), TO_DATE('31-12-2024', 'DD-MM-YYYY'));
INSERT INTO KHACHTHUE (MAKT, HOTEN, GIOITINH, NGAYSINH, SDT, CCCD, EMAIL, NGAYBATDAU, NGAYKETTHUC) VALUES ('KT0005', 'Nguy?n Vãn E', 'Nam', TO_DATE('05-05-2004', 'DD-MM-YYYY'), '+84123456785', '567890123', 'nguyenvane@example.com', TO_DATE('05-01-2024', 'DD-MM-YYYY'), TO_DATE('31-12-2024', 'DD-MM-YYYY'));
INSERT INTO KHACHTHUE (MAKT, HOTEN, GIOITINH, NGAYSINH, SDT, CCCD, EMAIL, NGAYBATDAU, NGAYKETTHUC) VALUES ('KT0006', 'Tr?n Vãn F', 'Nam', TO_DATE('06-06-2003', 'DD-MM-YYYY'), '+84123456786', '678901234', 'tranvanf@example.com', TO_DATE('01-01-2024', 'DD-MM-YYYY'), TO_DATE('31-12-2024', 'DD-MM-YYYY'));
INSERT INTO KHACHTHUE (MAKT, HOTEN, GIOITINH, NGAYSINH, SDT, CCCD, EMAIL, NGAYBATDAU, NGAYKETTHUC) VALUES ('KT0007', 'Lê Th? G', 'N?', TO_DATE('07-07-1996', 'DD-MM-YYYY'), '+84123456787', '789012345', 'lethig@example.com', TO_DATE('02-01-2024', 'DD-MM-YYYY'), TO_DATE('31-12-2024', 'DD-MM-YYYY'));
INSERT INTO KHACHTHUE (MAKT, HOTEN, GIOITINH, NGAYSINH, SDT, CCCD, EMAIL, NGAYBATDAU, NGAYKETTHUC) VALUES ('KT0008', 'Nguy?n Vãn H', 'Nam', TO_DATE('08-08-1992', 'DD-MM-YYYY'), '+84123456788', '890123456', 'nguyenvanh@example.com', TO_DATE('03-01-2024', 'DD-MM-YYYY'), TO_DATE('31-12-2024', 'DD-MM-YYYY'));
INSERT INTO KHACHTHUE (MAKT, HOTEN, GIOITINH, NGAYSINH, SDT, CCCD, EMAIL, NGAYBATDAU, NGAYKETTHUC) VALUES ('KT0009', 'Ph?m Th? I', 'N?', TO_DATE('09-09-1991', 'DD-MM-YYYY'), '+84123456789', '901234567', 'phamthii@example.com', TO_DATE('04-01-2024', 'DD-MM-YYYY'), TO_DATE('31-12-2024', 'DD-MM-YYYY'));
INSERT INTO KHACHTHUE (MAKT, HOTEN, GIOITINH, NGAYSINH, SDT, CCCD, EMAIL, NGAYBATDAU, NGAYKETTHUC) VALUES ('KT0010', 'Tr?n Vãn K', 'Nam', TO_DATE('10-10-1994', 'DD-MM-YYYY'), '+84123456790', '012345678', 'tranvank@example.com', TO_DATE('05-01-2024', 'DD-MM-YYYY'), TO_DATE('31-12-2024', 'DD-MM-YYYY'));

DELETE KHACHTHUE

-- D? li?u cho b?ng KHACHNGANHAN
INSERT INTO KHACHNGANHAN (MAKT, HOTEN, GIOITINH, NGAYSINH, SDT, CCCD, EMAIL, MADD, TRANGTHAI, NGAYBATDAU, NGAYKETTHUC) VALUES ('KNH001', 'Nguy?n Th? A', 'N?', TO_DATE('01-01-1995', 'DD-MM-YYYY'), '+84123456791', '123456789', 'nguyenthia@example.com', 'KT0001', 'Ch? duy?t', TO_DATE('01-01-2024', 'DD-MM-YYYY'), TO_DATE('31-01-2024', 'DD-MM-YYYY'));
INSERT INTO KHACHNGANHAN (MAKT, HOTEN, GIOITINH, NGAYSINH, SDT, CCCD, EMAIL, MADD, TRANGTHAI, NGAYBATDAU, NGAYKETTHUC) VALUES ('KNH002', 'Tr?n Vãn B', 'Nam', TO_DATE('02-02-1994', 'DD-MM-YYYY'), '+84123456792', '234567890', 'tranvanb@example.com', 'KT0002', 'Ð? duy?t', TO_DATE('02-01-2024', 'DD-MM-YYYY'), TO_DATE('31-01-2024', 'DD-MM-YYYY'));
INSERT INTO KHACHNGANHAN (MAKT, HOTEN, GIOITINH, NGAYSINH, SDT, CCCD, EMAIL, MADD, TRANGTHAI, NGAYBATDAU, NGAYKETTHUC) VALUES ('KNH003', 'Ph?m Th? C', 'N?', TO_DATE('03-03-1993', 'DD-MM-YYYY'), '+84123456793', '345678901', 'phamthic@example.com', 'KT0003', 'Ch? duy?t', TO_DATE('03-01-2024', 'DD-MM-YYYY'), TO_DATE('31-01-2024', 'DD-MM-YYYY'));
INSERT INTO KHACHNGANHAN (MAKT, HOTEN, GIOITINH, NGAYSINH, SDT, CCCD, EMAIL, MADD, TRANGTHAI, NGAYBATDAU, NGAYKETTHUC) VALUES ('KNH004', 'Lê Th? D', 'N?', TO_DATE('04-04-1992', 'DD-MM-YYYY'), '+84123456794', '456789012', 'lethid@example.com', 'KT0004', 'Ch? duy?t', TO_DATE('04-01-2024', 'DD-MM-YYYY'), TO_DATE('31-01-2024', 'DD-MM-YYYY'));
INSERT INTO KHACHNGANHAN (MAKT, HOTEN, GIOITINH, NGAYSINH, SDT, CCCD, EMAIL, MADD, TRANGTHAI, NGAYBATDAU, NGAYKETTHUC) VALUES ('KNH005', 'Nguy?n Vãn E', 'Nam', TO_DATE('05-05-1991', 'DD-MM-YYYY'), '+84123456795', '567890123', 'nguyenvane@example.com', 'KT0005', 'Ð? duy?t', TO_DATE('05-01-2024', 'DD-MM-YYYY'), TO_DATE('31-01-2024', 'DD-MM-YYYY'));

DELETE KHACHNGANHAN

-- D? li?u cho b?ng PHONG
INSERT INTO PHONG (MAP, TENPG, LOAI, SONGUOI, DIENTICH, TRANGTHAI, GIA) VALUES ('P001', 'P101', 'Sinh viên', 2, 25, 'Ð? cho thuê', 3000000);
INSERT INTO PHONG (MAP, TENPG, LOAI, SONGUOI, DIENTICH, TRANGTHAI, GIA) VALUES ('P002', 'P102', 'Sinh viên', 2, 20, 'Ð? cho thuê', 3200000);
INSERT INTO PHONG (MAP, TENPG, LOAI, SONGUOI, DIENTICH, TRANGTHAI, GIA) VALUES ('P003', 'P103', 'Sinh viên', 1, 30, 'Ð? cho thuê', 3300000);
INSERT INTO PHONG (MAP, TENPG, LOAI, SONGUOI, DIENTICH, TRANGTHAI, GIA) VALUES ('P004', 'P104', 'Sinh viên', 1, 22, 'Ð? cho thuê', 3100000);
INSERT INTO PHONG (MAP, TENPG, LOAI, SONGUOI, DIENTICH, TRANGTHAI, GIA) VALUES ('P005', 'P105', 'Sinh viên', 0, 18, 'C?n tr?ng', 3400000);
INSERT INTO PHONG (MAP, TENPG, LOAI, SONGUOI, DIENTICH, TRANGTHAI, GIA) VALUES ('P006', 'P106', 'Sinh viên', 0, 25, 'C?n tr?ng', 3500000);
INSERT INTO PHONG (MAP, TENPG, LOAI, SONGUOI, DIENTICH, TRANGTHAI, GIA) VALUES ('P007', 'P107', 'Sinh viên', 0, 20, 'C?n tr?ng', 3200000);
INSERT INTO PHONG (MAP, TENPG, LOAI, SONGUOI, DIENTICH, TRANGTHAI, GIA) VALUES ('P008', 'P108', 'Sinh viên', 0, 30, 'C?n tr?ng', 3300000);
INSERT INTO PHONG (MAP, TENPG, LOAI, SONGUOI, DIENTICH, TRANGTHAI, GIA) VALUES ('P009', 'P109', 'Sinh viên', 0, 22, 'C?n tr?ng', 3100000);
INSERT INTO PHONG (MAP, TENPG, LOAI, SONGUOI, DIENTICH, TRANGTHAI, GIA) VALUES ('P010', 'P110', 'Sinh viên', 0, 18, 'C?n tr?ng', 3400000);
INSERT INTO PHONG (MAP, TENPG, LOAI, SONGUOI, DIENTICH, TRANGTHAI, GIA) VALUES ('P011', 'P201', 'Gia ð?nh', 2, 25, 'Ð? cho thuê', 3500000);
INSERT INTO PHONG (MAP, TENPG, LOAI, SONGUOI, DIENTICH, TRANGTHAI, GIA) VALUES ('P012', 'P202', 'Gia ð?nh', 2, 20, 'Ð? cho thuê', 3200000);
INSERT INTO PHONG (MAP, TENPG, LOAI, SONGUOI, DIENTICH, TRANGTHAI, GIA) VALUES ('P013', 'P203', 'Gia ð?nh', 0, 30, 'C?n tr?ng', 3300000);
INSERT INTO PHONG (MAP, TENPG, LOAI, SONGUOI, DIENTICH, TRANGTHAI, GIA) VALUES ('P014', 'P204', 'Gia ð?nh', 0, 22, 'C?n tr?ng', 3100000);
INSERT INTO PHONG (MAP, TENPG, LOAI, SONGUOI, DIENTICH, TRANGTHAI, GIA) VALUES ('P015', 'P205', 'Gia ð?nh', 0, 18, 'C?n tr?ng', 3400000);
INSERT INTO PHONG (MAP, TENPG, LOAI, SONGUOI, DIENTICH, TRANGTHAI, GIA) VALUES ('P016', 'P206', 'Gia ð?nh', 0, 25, 'C?n tr?ng', 3500000);
INSERT INTO PHONG (MAP, TENPG, LOAI, SONGUOI, DIENTICH, TRANGTHAI, GIA) VALUES ('P017', 'P207', 'Gia ð?nh', 0, 20, 'C?n tr?ng', 3200000);
INSERT INTO PHONG (MAP, TENPG, LOAI, SONGUOI, DIENTICH, TRANGTHAI, GIA) VALUES ('P018', 'P208', 'Gia ð?nh', 0, 30, 'C?n tr?ng', 3300000);
INSERT INTO PHONG (MAP, TENPG, LOAI, SONGUOI, DIENTICH, TRANGTHAI, GIA) VALUES ('P019', 'P209', 'Gia ð?nh', 0, 22, 'C?n tr?ng', 3100000);
INSERT INTO PHONG (MAP, TENPG, LOAI, SONGUOI, DIENTICH, TRANGTHAI, GIA) VALUES ('P020', 'P210', 'Gia ð?nh', 0, 18, 'C?n tr?ng', 3400000);


DELETE PHONG

-- D? li?u cho b?ng HOPDONG
INSERT INTO HOPDONG (MHD, NGAYBATDAU, NGAYKETTHUC, MADD, MAP, GIATHUE, TIENCOC, TINHTRANG) VALUES ('HD001', TO_DATE('01-01-2024', 'DD-MM-YYYY'), TO_DATE('01-01-2025', 'DD-MM-YYYY'), 'KT0001', 'P001', 3000000, 4000000, 'Hi?u l?c');
INSERT INTO HOPDONG (MHD, NGAYBATDAU, NGAYKETTHUC, MADD, MAP, GIATHUE, TIENCOC, TINHTRANG) VALUES ('HD002', TO_DATE('01-01-2024', 'DD-MM-YYYY'), TO_DATE('01-01-2025', 'DD-MM-YYYY'), 'KT0002', 'P002', 3200000, 4500000, 'Hi?u l?c');
INSERT INTO HOPDONG (MHD, NGAYBATDAU, NGAYKETTHUC, MADD, MAP, GIATHUE, TIENCOC, TINHTRANG) VALUES ('HD003', TO_DATE('01-12-2023', 'DD-MM-YYYY'), TO_DATE('01-12-2024', 'DD-MM-YYYY'), 'KT0005', 'P003', 3300000, 4800000, 'Hi?u l?c');
INSERT INTO HOPDONG (MHD, NGAYBATDAU, NGAYKETTHUC, MADD, MAP, GIATHUE, TIENCOC, TINHTRANG) VALUES ('HD004', TO_DATE('01-03-2024', 'DD-MM-YYYY'), TO_DATE('01-03-2025', 'DD-MM-YYYY'), 'KT0006', 'P004', 3500000, 5000000, 'Hi?u l?c');
INSERT INTO HOPDONG (MHD, NGAYBATDAU, NGAYKETTHUC, MADD, MAP, GIATHUE, TIENCOC, TINHTRANG) VALUES ('HD005', TO_DATE('01-03-2024', 'DD-MM-YYYY'), TO_DATE('01-03-2025', 'DD-MM-YYYY'), 'KT0007', 'P011', 3100000, 4000000, 'Hi?u l?c');
INSERT INTO HOPDONG (MHD, NGAYBATDAU, NGAYKETTHUC, MADD, MAP, GIATHUE, TIENCOC, TINHTRANG) VALUES ('HD006', TO_DATE('01-07-2023', 'DD-MM-YYYY'), TO_DATE('01-07-2025', 'DD-MM-YYYY'), 'KT0009', 'P012', 3200000, 4500000, 'Hi?u l?c');
DELETE HOPDONG

-- D? li?u cho b?ng CTHOPDONG
INSERT INTO CTHOPDONG (MHD, MAKT) VALUES ('HD001', 'KT0001');
INSERT INTO CTHOPDONG (MHD, MAKT) VALUES ('HD001', 'KT0003');
INSERT INTO CTHOPDONG (MHD, MAKT) VALUES ('HD002', 'KT0002');
INSERT INTO CTHOPDONG (MHD, MAKT) VALUES ('HD002', 'KT0004');
INSERT INTO CTHOPDONG (MHD, MAKT) VALUES ('HD003', 'KT0005');
INSERT INTO CTHOPDONG (MHD, MAKT) VALUES ('HD004', 'KT0006');
INSERT INTO CTHOPDONG (MHD, MAKT) VALUES ('HD005', 'KT0007');
INSERT INTO CTHOPDONG (MHD, MAKT) VALUES ('HD005', 'KT0008');
INSERT INTO CTHOPDONG (MHD, MAKT) VALUES ('HD006', 'KT0009');
INSERT INTO CTHOPDONG (MHD, MAKT) VALUES ('HD006', 'KT0010');


-- T?o d? li?u cho b?ng HOADON
INSERT INTO HOADON (MAHD, MAP, THANG, NAM, TONGTIEN, TRANGTHAI, CONNO) VALUES ('HD0001', 'P001', 1, 2024, 3200000, 'Ð? thanh toán', 0);
INSERT INTO HOADON (MAHD, MAP, THANG, NAM, TONGTIEN, TRANGTHAI, CONNO) VALUES ('HD0002', 'P001', 2, 2024, 4320000, 'Ð? thanh toán', 0);
INSERT INTO HOADON (MAHD, MAP, THANG, NAM, TONGTIEN, TRANGTHAI, CONNO) VALUES ('HD0003', 'P001', 3, 2024, 4380000, 'Ð? thanh toán', 0);
INSERT INTO HOADON (MAHD, MAP, THANG, NAM, TONGTIEN, TRANGTHAI, CONNO) VALUES ('HD0004', 'P001', 4, 2024, 4440000, 'Chýa thanh toán', 4440000);
INSERT INTO HOADON (MAHD, MAP, THANG, NAM, TONGTIEN, TRANGTHAI, CONNO) VALUES ('HD0005', 'P002', 1, 2024, 4700000, 'Ð? thanh toán', 0);
INSERT INTO HOADON (MAHD, MAP, THANG, NAM, TONGTIEN, TRANGTHAI, CONNO) VALUES ('HD0006', 'P002', 2, 2024, 4760000, 'Ð? thanh toán', 0);
INSERT INTO HOADON (MAHD, MAP, THANG, NAM, TONGTIEN, TRANGTHAI, CONNO) VALUES ('HD0007', 'P002', 3, 2024, 4820000, 'Ð? thanh toán', 0);
INSERT INTO HOADON (MAHD, MAP, THANG, NAM, TONGTIEN, TRANGTHAI, CONNO) VALUES ('HD0008', 'P002', 4, 2024, 4880000, 'Chýa thanh toán', 4880000);
INSERT INTO HOADON (MAHD, MAP, THANG, NAM, TONGTIEN, TRANGTHAI, CONNO) VALUES ('HD0009', 'P003', 1, 2024, 4800000, 'Ð? thanh toán', 0);
INSERT INTO HOADON (MAHD, MAP, THANG, NAM, TONGTIEN, TRANGTHAI, CONNO) VALUES ('HD0010', 'P003', 2, 2024, 4860000, 'Ð? thanh toán', 0);
INSERT INTO HOADON (MAHD, MAP, THANG, NAM, TONGTIEN, TRANGTHAI, CONNO) VALUES ('HD0011', 'P003', 3, 2024, 4920000, 'Ð? thanh toán', 0);
INSERT INTO HOADON (MAHD, MAP, THANG, NAM, TONGTIEN, TRANGTHAI, CONNO) VALUES ('HD0012', 'P003', 4, 2024, 4980000, 'Chýa thanh toán', 4980000);
INSERT INTO HOADON (MAHD, MAP, THANG, NAM, TONGTIEN, TRANGTHAI, CONNO) VALUES ('HD0013', 'P004', 1, 2024, 4300000, 'Ð? thanh toán', 0);
INSERT INTO HOADON (MAHD, MAP, THANG, NAM, TONGTIEN, TRANGTHAI, CONNO) VALUES ('HD0014', 'P004', 2, 2024, 4360000, 'Ð? thanh toán', 0);
INSERT INTO HOADON (MAHD, MAP, THANG, NAM, TONGTIEN, TRANGTHAI, CONNO) VALUES ('HD0015', 'P004', 3, 2024, 4420000, 'Ð? thanh toán', 0);
INSERT INTO HOADON (MAHD, MAP, THANG, NAM, TONGTIEN, TRANGTHAI, CONNO) VALUES ('HD0016', 'P004', 4, 2024, 4480000, 'Chýa thanh toán', 4480000);
INSERT INTO HOADON (MAHD, MAP, THANG, NAM, TONGTIEN, TRANGTHAI, CONNO) VALUES ('HD0017', 'P011', 1, 2024, 4700000, 'Ð? thanh toán', 0);
INSERT INTO HOADON (MAHD, MAP, THANG, NAM, TONGTIEN, TRANGTHAI, CONNO) VALUES ('HD0018', 'P011', 2, 2024, 4760000, 'Ð? thanh toán', 0);
INSERT INTO HOADON (MAHD, MAP, THANG, NAM, TONGTIEN, TRANGTHAI, CONNO) VALUES ('HD0019', 'P011', 3, 2024, 4820000, 'Ð? thanh toán', 0);
INSERT INTO HOADON (MAHD, MAP, THANG, NAM, TONGTIEN, TRANGTHAI, CONNO) VALUES ('HD0020', 'P011', 4, 2024, 4480000, 'Chýa thanh toán', 4480000);
INSERT INTO HOADON (MAHD, MAP, THANG, NAM, TONGTIEN, TRANGTHAI, CONNO) VALUES ('HD0021', 'P012', 1, 2024, 4340000, 'Ð? thanh toán', 0);
INSERT INTO HOADON (MAHD, MAP, THANG, NAM, TONGTIEN, TRANGTHAI, CONNO) VALUES ('HD0022', 'P012', 2, 2024, 4400000, 'Ð? thanh toán', 0);
INSERT INTO HOADON (MAHD, MAP, THANG, NAM, TONGTIEN, TRANGTHAI, CONNO) VALUES ('HD0023', 'P012', 3, 2024, 4460000, 'Ð? thanh toán', 0);
INSERT INTO HOADON (MAHD, MAP, THANG, NAM, TONGTIEN, TRANGTHAI, CONNO) VALUES ('HD0024', 'P012', 4, 2024, 4520000, 'Chýa thanh toán', 4520000);


DELETE HOADON


--d? li?u cthd
INSERT INTO CTHD (MAHD, LOAIHD, SL, DONGIA, THANHTIEN) VALUES ('HD0001', 'Ph?ng', 1, 3000000, 3000000);
INSERT INTO CTHD (MAHD, LOAIHD, SL, DONGIA, THANHTIEN) VALUES ('HD0001', 'Ði?n', 200, 5000, 1000000);
INSERT INTO CTHD (MAHD, LOAIHD, SL, DONGIA, THANHTIEN) VALUES ('HD0001', 'Ný?c', 20, 10000, 200000);
INSERT INTO CTHD (MAHD, LOAIHD, SL, DONGIA, THANHTIEN) VALUES ('HD0002', 'Ph?ng', 1, 3000000, 3000000);
INSERT INTO CTHD (MAHD, LOAIHD, SL, DONGIA, THANHTIEN) VALUES ('HD0002', 'Ði?n', 220, 5000, 1100000);
INSERT INTO CTHD (MAHD, LOAIHD, SL, DONGIA, THANHTIEN) VALUES ('HD0002', 'Ný?c', 22, 10000, 220000);
INSERT INTO CTHD (MAHD, LOAIHD, SL, DONGIA, THANHTIEN) VALUES ('HD0003', 'Ph?ng', 1, 3000000, 3000000);
INSERT INTO CTHD (MAHD, LOAIHD, SL, DONGIA, THANHTIEN) VALUES ('HD0003', 'Ði?n', 230, 5000, 1150000);
INSERT INTO CTHD (MAHD, LOAIHD, SL, DONGIA, THANHTIEN) VALUES ('HD0003', 'Ný?c', 23, 10000, 230000);
INSERT INTO CTHD (MAHD, LOAIHD, SL, DONGIA, THANHTIEN) VALUES ('HD0004', 'Ph?ng', 1, 3000000, 3000000);
INSERT INTO CTHD (MAHD, LOAIHD, SL, DONGIA, THANHTIEN) VALUES ('HD0004', 'Ði?n', 240, 5000, 1200000);
INSERT INTO CTHD (MAHD, LOAIHD, SL, DONGIA, THANHTIEN) VALUES ('HD0004', 'Ný?c', 24, 10000, 240000);
INSERT INTO CTHD (MAHD, LOAIHD, SL, DONGIA, THANHTIEN) VALUES ('HD0005', 'Ph?ng', 1, 3200000, 3200000);
INSERT INTO CTHD (MAHD, LOAIHD, SL, DONGIA, THANHTIEN) VALUES ('HD0005', 'Ði?n', 250, 5000, 1250000);
INSERT INTO CTHD (MAHD, LOAIHD, SL, DONGIA, THANHTIEN) VALUES ('HD0005', 'Ný?c', 25, 10000, 250000);
INSERT INTO CTHD (MAHD, LOAIHD, SL, DONGIA, THANHTIEN) VALUES ('HD0006', 'Ph?ng', 1, 3200000, 3200000);
INSERT INTO CTHD (MAHD, LOAIHD, SL, DONGIA, THANHTIEN) VALUES ('HD0006', 'Ði?n', 260, 5000, 1300000);
INSERT INTO CTHD (MAHD, LOAIHD, SL, DONGIA, THANHTIEN) VALUES ('HD0006', 'Ný?c', 26, 10000, 260000);
INSERT INTO CTHD (MAHD, LOAIHD, SL, DONGIA, THANHTIEN) VALUES ('HD0007', 'Ph?ng', 1, 3200000, 3200000);
INSERT INTO CTHD (MAHD, LOAIHD, SL, DONGIA, THANHTIEN) VALUES ('HD0007', 'Ði?n', 270, 5000, 1350000);
INSERT INTO CTHD (MAHD, LOAIHD, SL, DONGIA, THANHTIEN) VALUES ('HD0007', 'Ný?c', 27, 10000, 270000);
INSERT INTO CTHD (MAHD, LOAIHD, SL, DONGIA, THANHTIEN) VALUES ('HD0008', 'Ph?ng', 1, 3200000, 3200000);
INSERT INTO CTHD (MAHD, LOAIHD, SL, DONGIA, THANHTIEN) VALUES ('HD0008', 'Ði?n', 280, 5000, 1400000);
INSERT INTO CTHD (MAHD, LOAIHD, SL, DONGIA, THANHTIEN) VALUES ('HD0008', 'Ný?c', 28, 10000, 280000);
INSERT INTO CTHD (MAHD, LOAIHD, SL, DONGIA, THANHTIEN) VALUES ('HD0009', 'Ph?ng', 1, 3300000, 3300000);
INSERT INTO CTHD (MAHD, LOAIHD, SL, DONGIA, THANHTIEN) VALUES ('HD0009', 'Ði?n', 250, 5000, 1250000);
INSERT INTO CTHD (MAHD, LOAIHD, SL, DONGIA, THANHTIEN) VALUES ('HD0009', 'Ný?c', 25, 10000, 250000);
INSERT INTO CTHD (MAHD, LOAIHD, SL, DONGIA, THANHTIEN) VALUES ('HD0010', 'Ph?ng', 1, 3300000, 3300000);
INSERT INTO CTHD (MAHD, LOAIHD, SL, DONGIA, THANHTIEN) VALUES ('HD0010', 'Ði?n', 260, 5000, 1300000);
INSERT INTO CTHD (MAHD, LOAIHD, SL, DONGIA, THANHTIEN) VALUES ('HD0010', 'Ný?c', 26, 10000, 260000);
INSERT INTO CTHD (MAHD, LOAIHD, SL, DONGIA, THANHTIEN) VALUES ('HD0011', 'Ph?ng', 1, 3300000, 3300000);
INSERT INTO CTHD (MAHD, LOAIHD, SL, DONGIA, THANHTIEN) VALUES ('HD0011', 'Ði?n', 270, 5000, 1350000);
INSERT INTO CTHD (MAHD, LOAIHD, SL, DONGIA, THANHTIEN) VALUES ('HD0011', 'Ný?c', 27, 10000, 270000);
INSERT INTO CTHD (MAHD, LOAIHD, SL, DONGIA, THANHTIEN) VALUES ('HD0012', 'Ph?ng', 1, 3300000, 3300000);
INSERT INTO CTHD (MAHD, LOAIHD, SL, DONGIA, THANHTIEN) VALUES ('HD0012', 'Ði?n', 280, 5000, 1400000);
INSERT INTO CTHD (MAHD, LOAIHD, SL, DONGIA, THANHTIEN) VALUES ('HD0012', 'Ný?c', 28, 10000, 280000);
INSERT INTO CTHD (MAHD, LOAIHD, SL, DONGIA, THANHTIEN) VALUES ('HD0013', 'Ph?ng', 1, 3100000, 3100000);
INSERT INTO CTHD (MAHD, LOAIHD, SL, DONGIA, THANHTIEN) VALUES ('HD0013', 'Ði?n', 200, 5000, 1000000);
INSERT INTO CTHD (MAHD, LOAIHD, SL, DONGIA, THANHTIEN) VALUES ('HD0013', 'Ný?c', 20, 10000, 200000);
INSERT INTO CTHD (MAHD, LOAIHD, SL, DONGIA, THANHTIEN) VALUES ('HD0014', 'Ph?ng', 1, 3100000, 3100000);
INSERT INTO CTHD (MAHD, LOAIHD, SL, DONGIA, THANHTIEN) VALUES ('HD0014', 'Ði?n', 210, 5000, 1050000);
INSERT INTO CTHD (MAHD, LOAIHD, SL, DONGIA, THANHTIEN) VALUES ('HD0014', 'Ný?c', 21, 10000, 210000);
INSERT INTO CTHD (MAHD, LOAIHD, SL, DONGIA, THANHTIEN) VALUES ('HD0015', 'Ph?ng', 1, 3100000, 3100000);
INSERT INTO CTHD (MAHD, LOAIHD, SL, DONGIA, THANHTIEN) VALUES ('HD0015', 'Ði?n', 220, 5000, 1100000);
INSERT INTO CTHD (MAHD, LOAIHD, SL, DONGIA, THANHTIEN) VALUES ('HD0015', 'Ný?c', 22, 10000, 220000);
INSERT INTO CTHD (MAHD, LOAIHD, SL, DONGIA, THANHTIEN) VALUES ('HD0016', 'Ph?ng', 1, 3100000, 3100000);
INSERT INTO CTHD (MAHD, LOAIHD, SL, DONGIA, THANHTIEN) VALUES ('HD0016', 'Ði?n', 230, 5000, 1150000);
INSERT INTO CTHD (MAHD, LOAIHD, SL, DONGIA, THANHTIEN) VALUES ('HD0016', 'Ný?c', 23, 10000, 230000);
INSERT INTO CTHD (MAHD, LOAIHD, SL, DONGIA, THANHTIEN) VALUES ('HD0017', 'Ph?ng', 1, 3500000, 3500000);
INSERT INTO CTHD (MAHD, LOAIHD, SL, DONGIA, THANHTIEN) VALUES ('HD0017', 'Ði?n', 200, 5000, 1000000);
INSERT INTO CTHD (MAHD, LOAIHD, SL, DONGIA, THANHTIEN) VALUES ('HD0017', 'Ný?c', 20, 10000, 200000);
INSERT INTO CTHD (MAHD, LOAIHD, SL, DONGIA, THANHTIEN) VALUES ('HD0018', 'Ph?ng', 1, 3500000, 3500000);
INSERT INTO CTHD (MAHD, LOAIHD, SL, DONGIA, THANHTIEN) VALUES ('HD0018', 'Ði?n', 210, 5000, 1050000);
INSERT INTO CTHD (MAHD, LOAIHD, SL, DONGIA, THANHTIEN) VALUES ('HD0018', 'Ný?c', 21, 10000, 210000);
INSERT INTO CTHD (MAHD, LOAIHD, SL, DONGIA, THANHTIEN) VALUES ('HD0019', 'Ph?ng', 1, 3500000, 3500000);
INSERT INTO CTHD (MAHD, LOAIHD, SL, DONGIA, THANHTIEN) VALUES ('HD0019', 'Ði?n', 220, 5000, 1100000);
INSERT INTO CTHD (MAHD, LOAIHD, SL, DONGIA, THANHTIEN) VALUES ('HD0019', 'Ný?c', 22, 10000, 220000);
INSERT INTO CTHD (MAHD, LOAIHD, SL, DONGIA, THANHTIEN) VALUES ('HD0020', 'Ph?ng', 1, 3500000, 3500000);
INSERT INTO CTHD (MAHD, LOAIHD, SL, DONGIA, THANHTIEN) VALUES ('HD0020', 'Ði?n', 230, 5000, 1150000);
INSERT INTO CTHD (MAHD, LOAIHD, SL, DONGIA, THANHTIEN) VALUES ('HD0020', 'Ný?c', 23, 10000, 230000);
INSERT INTO CTHD (MAHD, LOAIHD, SL, DONGIA, THANHTIEN) VALUES ('HD0021', 'Ph?ng', 1, 3200000, 3200000);
INSERT INTO CTHD (MAHD, LOAIHD, SL, DONGIA, THANHTIEN) VALUES ('HD0021', 'Ði?n', 190, 5000, 950000);
INSERT INTO CTHD (MAHD, LOAIHD, SL, DONGIA, THANHTIEN) VALUES ('HD0021', 'Ný?c', 19, 10000, 190000);
INSERT INTO CTHD (MAHD, LOAIHD, SL, DONGIA, THANHTIEN) VALUES ('HD0022', 'Ph?ng', 1, 3200000, 3200000);
INSERT INTO CTHD (MAHD, LOAIHD, SL, DONGIA, THANHTIEN) VALUES ('HD0022', 'Ði?n', 200, 5000, 1000000);
INSERT INTO CTHD (MAHD, LOAIHD, SL, DONGIA, THANHTIEN) VALUES ('HD0022', 'Ný?c', 20, 10000, 200000);
INSERT INTO CTHD (MAHD, LOAIHD, SL, DONGIA, THANHTIEN) VALUES ('HD0023', 'Ph?ng', 1, 3200000, 3200000);
INSERT INTO CTHD (MAHD, LOAIHD, SL, DONGIA, THANHTIEN) VALUES ('HD0023', 'Ði?n', 210, 5000, 1050000);
INSERT INTO CTHD (MAHD, LOAIHD, SL, DONGIA, THANHTIEN) VALUES ('HD0023', 'Ný?c', 21, 10000, 210000);
INSERT INTO CTHD (MAHD, LOAIHD, SL, DONGIA, THANHTIEN) VALUES ('HD0024', 'Ph?ng', 1, 3200000, 3200000);
INSERT INTO CTHD (MAHD, LOAIHD, SL, DONGIA, THANHTIEN) VALUES ('HD0024', 'Ði?n', 220, 5000, 1100000);
INSERT INTO CTHD (MAHD, LOAIHD, SL, DONGIA, THANHTIEN) VALUES ('HD0024', 'Ný?c', 22, 10000, 220000);

DELETE CTHD


-- D? li?u cho b?ng DICHVU
INSERT INTO DICHVU (MADV, TENDICHVU) VALUES ('DV001', 'V?i sen');
INSERT INTO DICHVU (MADV, TENDICHVU) VALUES ('DV002', 'C?a');
INSERT INTO DICHVU (MADV, TENDICHVU) VALUES ('DV003', '?ng ný?c');
INSERT INTO DICHVU (MADV, TENDICHVU) VALUES ('DV004', 'Toilet');
INSERT INTO DICHVU (MADV, TENDICHVU) VALUES ('DV005', 'Ðèn');

DELETE DICHVU 



-- D? li?u cho b?ng PHIEUDICHVU
INSERT INTO PHIEUDICHVU (MPDV, MAP, SOLUONGDV, NGAYDIEN) VALUES ('PDV001', 'P001', 1, TO_DATE('05-05-2024', 'DD-MM-YYYY'));
INSERT INTO PHIEUDICHVU (MPDV, MAP, SOLUONGDV, NGAYDIEN) VALUES ('PDV002', 'P002', 1, TO_DATE('07-05-2024', 'DD-MM-YYYY'));
INSERT INTO PHIEUDICHVU (MPDV, MAP, SOLUONGDV, NGAYDIEN) VALUES ('PDV003', 'P011', 1, TO_DATE('10-05-2024', 'DD-MM-YYYY'));

-- D? li?u cho b?ng CTPDV
INSERT INTO CTPDV (MADV, MPDV, TINHTRANG) VALUES ('DV001', 'PDV001', 'Chýa hoàn thành');
INSERT INTO CTPDV (MADV, MPDV, TINHTRANG) VALUES ('DV003', 'PDV002', 'Chýa hoàn thành');
INSERT INTO CTPDV (MADV, MPDV, TINHTRANG) VALUES ('DV005', 'PDV003', 'Chýa hoàn thành');

-- D? li?u cho b?ng TAIKHOAN
INSERT INTO TAIKHOAN (MAKT, TENTAIKHOAN, MATKHAU, VAITRO) VALUES ('KT0001', 'nguyenvana@example.com', '123456', 'Khách thuê');
INSERT INTO TAIKHOAN (MAKT, TENTAIKHOAN, MATKHAU, VAITRO) VALUES ('KT0002', 'tranthib@example.com', '123456', 'Khách thuê');
INSERT INTO TAIKHOAN (MAKT, TENTAIKHOAN, MATKHAU, VAITRO) VALUES ('KT0003', 'phamvanc@example.com', '123456', 'Khách thuê');
INSERT INTO TAIKHOAN (MAKT, TENTAIKHOAN, MATKHAU, VAITRO) VALUES ('KT0004', 'lethid@example.com', '123456', 'Khách thuê');
INSERT INTO TAIKHOAN (MAKT, TENTAIKHOAN, MATKHAU, VAITRO) VALUES ('KT0005', 'nguyenvane@example.com', '123456', 'Khách thuê');
INSERT INTO TAIKHOAN (MAKT, TENTAIKHOAN, MATKHAU, VAITRO) VALUES ('KT0006', 'tranvanf@example.com', '123456', 'Khách thuê');
INSERT INTO TAIKHOAN (MAKT, TENTAIKHOAN, MATKHAU, VAITRO) VALUES ('KT0007', 'lethig@example.com', '123456', 'Khách thuê');
INSERT INTO TAIKHOAN (MAKT, TENTAIKHOAN, MATKHAU, VAITRO) VALUES ('KT0008', 'nguyenvanh@example.com', '123456', 'Khách thuê');
INSERT INTO TAIKHOAN (MAKT, TENTAIKHOAN, MATKHAU, VAITRO) VALUES ('KT0009', 'phamthii@example.com', '123456', 'Khách thuê');
INSERT INTO TAIKHOAN (MAKT, TENTAIKHOAN, MATKHAU, VAITRO) VALUES ('KT0010', 'ranvank@example.com', '123456', 'Khách thuê');

COMMIT;

ALTER TABLE KHACHTHUE
ADD CONSTRAINT KHACHTHUE_PK PRIMARY KEY 
(
  MAKT
)
ALTER TABLE DICHVU
ADD CONSTRAINT DICHVU_PK PRIMARY KEY 
(
  MADV
)
ALTER TABLE PHIEUDICHVU
ADD CONSTRAINT PHIEUDICHVU_PK PRIMARY KEY 
(
  MPDV 
)
ALTER TABLE HOADON
ADD CONSTRAINT HOADON_PK PRIMARY KEY 
(
  MAHD 
)
ALTER TABLE HOPDONG
ADD CONSTRAINT HOPDONG_PK PRIMARY KEY 
(
  MHD 
)
ALTER TABLE PHONG
ADD CONSTRAINT PHONG_PK PRIMARY KEY 
(
  MAP 
)
ALTER TABLE TAIKHOAN
ADD CONSTRAINT TAIKHOAN_PK PRIMARY KEY 
(
  TENTAIKHOAN 
)
ALTER TABLE KHACHNGANHAN
ADD CONSTRAINT KHACHNGANHAN_PK PRIMARY KEY 
(
  MAKT 
)

–T?O KHÓA NGO?I

ALTER TABLE CTHOPDONG 
    ADD CONSTRAINT CTHDONG_MHD_fk
    FOREIGN KEY (MHD) REFERENCES HOPDONG (MHD);    
ALTER TABLE CTHD 
    ADD CONSTRAINT CTHD_MAHD_fk
    FOREIGN KEY (MAHD) REFERENCES HOADON (MAHD);
ALTER TABLE CTPDV 
    ADD CONSTRAINT CTPDV_MPDV_fk
    FOREIGN KEY (MPDV) REFERENCES PHIEUDICHVU (MPDV);
ALTER TABLE HOPDONG 
    ADD CONSTRAINT HDONG_MAP_fk
    FOREIGN KEY (MAP) REFERENCES PHONG (MAP);
ALTER TABLE CTHOPDONG 
    ADD CONSTRAINT CTHDONG_MKT_fk
    FOREIGN KEY (MAKT) REFERENCES KHACHTHUE (MAKT);
ALTER TABLE KHACHNGANHAN
    ADD CONSTRAINT KHACHNGANHAN_MDD_fk
    FOREIGN KEY (MADD) REFERENCES KHACHTHUE (MAKT);
ALTER TABLE HOADON 
    ADD CONSTRAINT HOADON_MAP_fk
    FOREIGN KEY (MAP) REFERENCES PHONG (MAP);
ALTER TABLE HOPDONG 
    ADD CONSTRAINT HDONG_MADD_fk
    FOREIGN KEY (MADD) REFERENCES KHACHTHUE (MAKT);
ALTER TABLE PHIEUDICHVU
    ADD CONSTRAINT PDV_MAP_fk
    FOREIGN KEY (MAP) REFERENCES PHONG (MAP);
ALTER TABLE CTPDV 
    ADD CONSTRAINT CTPDV_MADV_fk
    FOREIGN KEY (MADV) REFERENCES DICHVU (MADV);
ALTER TABLE TAIKHOAN
    ADD CONSTRAINT TAIKHOAN_MAKT_fk
    FOREIGN KEY (MAKT) REFERENCES KHACHTHUE (MAKT);


COMMIT;


    
-- V?i khách thuê, khách ng?n h?n, gi?i tính là nam, n? 
alter table khachthue 
add constraint khachthue_gioitinh check (gioitinh in ('Nam', 'N?'));

-- V?i h?p ð?ng, tr?ng thái là Chýa hoàn t?t, Hi?u l?c và H?t hi?u l?c
alter table hopdong
add constraint hopdong_trangthai check (tinhtrang in ('Chýa hoàn t?t', 'Hi?u l?c', 'H?t hi?u l?c'));

-- V?i hóa ðõn, tr?ng thái là ð? thanh toán và chýa thanh toán
alter table hoadon 
add constraint hoadon_trangthai check (trangthai in ('Ð? thanh toán', 'Chýa thanh toán'));

-- V?i chi ti?t hóa ðõn, Lo?i hóa ðõn là ‘Ph?ng’, ‘Ði?n’ và ‘Ný?c’
alter table cthd 
add constraint cthd_loaihd check (loaihd in ('Ph?ng','Ði?n','Ný?c'));
-- V?i ph?ng, tr?ng thái là c?n tr?ng và ð? cho thuê
alter table phong 
add constraint phong_trangthai check (trangthai in ('C?n tr?ng', 'Ð? cho thuê'));

-- V?i ctpdv, t?nh tr?ng là x? lí và chýa x? lí
alter table ctpdv
add constraint ctpdv_tinhtrang check (tinhtrang in ('Chýa hoàn thành', 'HoaÌn thaÌnh'))

-- V?i khách ng?n h?n, tr?ng thái là duy?t và chýa duy?t
alter table khachnganhan 
add constraint khachnganhan_trangthai check (trangthai in ('Ch? duy?t','Ð? duy?t'));

-- V?i CTHD, s? lý?ng, Ðõn giá, thành ti?n > 0,
alter table cthd 
add constraint cthd_sl_value check (sl > 0);

alter table cthd 
add constraint cthd_dongia_value check (dongia > 0);

alter table cthd 
add constraint cthd_thanhtien_value check (thanhtien > 0);

-- V?i Hóa ðõn, T?ng ti?n > 0
alter table hoadon
add constraint hoadon_tongtien check (tongtien >= 0);

-- V?i Ph?ng, s? ngý?i, di?n tích, giá > 0
alter table phong 
add constraint phong_songuoi_value check (songuoi >= 0);

alter table phong 
add constraint phong_dientich_value check (dientich > 0);

alter table phong 
add constraint phong_gia_value check (gia > 0);

-- V?i Phi?u d?ch v?, s? lý?ng dv > 0
alter table phieudichvu
add constraint phieudichvu_soluongdv_value check (soluongdv > 0);

-- V?i h?p ð?ng, ti?n c?c > 0
alter table hopdong
add constraint hopdong_tiencoc_value check (tiencoc > 0);  


create or replace PROCEDURE XOA_HOADON(
    P_MAHD IN char
)
IS
    V_COUNT NUMBER;
BEGIN
	--Ki?m tra s? t?n t?i c?a m? hóa ðõn
    SELECT COUNT(*) INTO V_COUNT FROM HOADON WHERE MAHD = P_MAHD;

	--N?u không t?m th?y th? k?t thúc.
    IF V_COUNT = 0 THEN
        RAISE_APPLICATION_ERROR(-20001, 'M? hóa ðõn không t?n t?i');
    END IF;

	--Xóa thông tin CTHD
    DELETE FROM CTHD WHERE MAHD = P_MAHD;

	--Xóa thông tin HOADON
    DELETE FROM HOADON WHERE MAHD = P_MAHD;

    COMMIT; 
EXCEPTION
    WHEN OTHERS THEN
        ROLLBACK; 
        RAISE; 
END XOA_HOADON;

SELECT MAP, TONGTIEN FROM HOADON WHERE THANG = 2 AND NAM = 2024
